{
"type": "GenericSmelter",
"name": "Sulfur extractor",
"description": "Extracts sulfur from raw iron",
"outputItem": {"item": "sulfur","amount": 1 },
"size": 1
"hasPower": true,
"hasItems": true,
"craftTime": 45,
"updateEffect": "smeltsmoke",
"consumes": {
"power": 1,
"items": {
"items": [
{ "item": "iron", "amount": 5 }
]
}
},
"requirements": [
{ "item": "lead", "amount": 35},
{ "item": "copper", "amount": 50}
],
"category": "crafting",
"research": "router",
"idleSound": "respawning"
"idleSoundVolume": 0.5
}