{
"type": "GenericSmelter",
"name": "GoldSmelter",
"description": "This smelter makes iron ingot",
"outputItem": {"item": "gold-ingot", "amount": 1},
"size": 1
"hasPower": true,
"hasItems": true,
"craftTime": 60,
"updateEffect": "smeltsmoke",
"consumes": {
"power": 1,
"items": {
"items": [
{ "item": "gold", "amount": 1 }
]
}
},
"requirements": [
{ "item": "lead", "amount": 40 },
{ "item": "silicon", "amount": 15 }
],
"category": "crafting",
"research": "router",
"idleSound": "respawning"
"idleSoundVolume": 0.5
}